{
  "stats": {
    "original": {
      "min": [
        4.14,
        1.95
      ],
      "max": [
        8.4,
        4.57
      ],
      "mean": [
        5.955380000000004,
        3.139506666666666
      ],
      "std": [
        0.8528716524776746,
        0.42614194421838064
      ]
    },
    "minmax": {
      "min": [
        0.0,
        0.0
      ],
      "max": [
        1.0,
        1.0
      ],
      "mean": [
        0.4261455399061034,
        0.454010178117048
      ],
      "std": [
        0.20020461325767014,
        0.1626495970299165
      ]
    },
    "zscore": {
      "min": [
        -2.1285500517295306,
        -2.7913390897214554
      ],
      "max": [
        2.866339844803305,
        3.3568470617392783
      ],
      "mean": [
        -5.2110908181172516e-15,
        2.3637388342952666e-15
      ],
      "std": [
        1.0,
        1.0000000000000007
      ]
    }
  },
  "plot": "/home/makakashan/Documents/My Favourite Ug/AI2026/python_tasks_2/output/normalization_sepal_scatter.png"
}