classifier,accuracy,precision,recall
kNN_11,0.9073634204275535,0.8992805755395683,0.8333333333333334
kNN_3,0.8954869358669834,0.8680555555555556,0.8333333333333334
kNN_5,0.8907363420427553,0.8768115942028986,0.8066666666666666
MLP,0.8883610451306413,0.8503401360544217,0.8333333333333334
DecisionTree,0.8646080760095012,0.8394160583941606,0.7666666666666667
NaiveBayes,0.838479809976247,0.777027027027027,0.7666666666666667
