classifier,accuracy
kNN_3,0.98
kNN_5,0.9755555555555555
kNN_11,0.9755555555555555
DecisionTree,0.9733333333333334
NaiveBayes,0.9644444444444444
MLP,0.9644444444444444
